<?xml version="1.0" encoding="UTF-8"?>
<project-private xmlns="http://www.netbeans.org/ns/project-private/1">
    <editor-bookmarks xmlns="http://www.netbeans.org/ns/editor-bookmarks/2" lastBookmarkId="0"/>
    <open-files xmlns="http://www.netbeans.org/ns/projectui-open-files/2">
        <group>
            <file>file:/C:/Dev/PBO/005%20-%20MVC/src/cobamvc/ViewPraktikum.java</file>
            <file>file:/C:/Dev/PBO/005%20-%20MVC/src/cobamvc/ModelPraktikum.java</file>
            <file>file:/C:/Dev/PBO/005%20-%20MVC/src/cobamvc/ControllerPraktikum.java</file>
        </group>
    </open-files>
</project-private>
