<?xml version="1.0" encoding="UTF-8"?>
<project-private xmlns="http://www.netbeans.org/ns/project-private/1">
    <editor-bookmarks xmlns="http://www.netbeans.org/ns/editor-bookmarks/2" lastBookmarkId="0"/>
    <open-files xmlns="http://www.netbeans.org/ns/projectui-open-files/2">
        <group>
            <file>file:/E:/tugas/%23UPNVY/%23Semester%204/Praktikum%20PBO/responsi/Responsi%20Perpus/src/home/HomeController.java</file>
            <file>file:/E:/tugas/%23UPNVY/%23Semester%204/Praktikum%20PBO/responsi/Responsi%20Perpus/src/about/AboutMVC.java</file>
            <file>file:/E:/tugas/%23UPNVY/%23Semester%204/Praktikum%20PBO/responsi/Responsi%20Perpus/src/login/LoginMVC.java</file>
            <file>file:/E:/tugas/%23UPNVY/%23Semester%204/Praktikum%20PBO/responsi/Responsi%20Perpus/src/home/HomeMVC.java</file>
            <file>file:/E:/tugas/%23UPNVY/%23Semester%204/Praktikum%20PBO/responsi/Responsi%20Perpus/src/Main.java</file>
            <file>file:/E:/tugas/%23UPNVY/%23Semester%204/Praktikum%20PBO/responsi/Responsi%20Perpus/src/about/AboutView.java</file>
            <file>file:/E:/tugas/%23UPNVY/%23Semester%204/Praktikum%20PBO/responsi/Responsi%20Perpus/src/login/LoginController.java</file>
            <file>file:/E:/tugas/%23UPNVY/%23Semester%204/Praktikum%20PBO/responsi/Responsi%20Perpus/src/login/LoginView.java</file>
            <file>file:/E:/tugas/%23UPNVY/%23Semester%204/Praktikum%20PBO/responsi/Responsi%20Perpus/src/home/HomeView.java</file>
        </group>
    </open-files>
</project-private>
